_id,password,role,is_active,created_at,updated_at
S001,passS001,student,true,2025-07-30T09:00:00Z,2025-07-30T09:00:00Z
S002,passS002,student,true,2025-07-30T09:00:00Z,2025-07-30T09:00:00Z
S003,passS003,student,true,2025-07-30T09:00:00Z,2025-07-30T09:00:00Z
S004,passS004,student,true,2025-07-30T09:00:00Z,2025-07-30T09:00:00Z
S005,passS005,student,true,2025-07-30T09:00:00Z,2025-07-30T09:00:00Z
S006,passS006,student,true,2025-07-30T09:00:00Z,2025-07-30T09:00:00Z
S007,passS007,student,true,2025-07-30T09:00:00Z,2025-07-30T09:00:00Z
S008,passS008,student,true,2025-07-30T09:00:00Z,2025-07-30T09:00:00Z
S009,passS009,student,true,2025-07-30T09:00:00Z,2025-07-30T09:00:00Z
S010,passS010,student,true,2025-07-30T09:00:00Z,2025-07-30T09:00:00Z
S011,passS011,student,true,2025-07-30T09:00:00Z,2025-07-30T09:00:00Z
S012,passS012,student,true,2025-07-30T09:00:00Z,2025-07-30T09:00:00Z
S013,passS013,student,true,2025-07-30T09:00:00Z,2025-07-30T09:00:00Z
S014,passS014,student,true,2025-07-30T09:00:00Z,2025-07-30T09:00:00Z
S015,passS015,student,true,2025-07-30T09:00:00Z,2025-07-30T09:00:00Z
S016,passS016,student,true,2025-07-30T09:00:00Z,2025-07-30T09:00:00Z
S017,passS017,student,true,2025-07-30T09:00:00Z,2025-07-30T09:00:00Z
S018,passS018,student,true,2025-07-30T09:00:00Z,2025-07-30T09:00:00Z
S019,passS019,student,true,2025-07-30T09:00:00Z,2025-07-30T09:00:00Z
S020,passS020,student,true,2025-07-30T09:00:00Z,2025-07-30T09:00:00Z
S021,passS021,student,true,2025-07-30T09:00:00Z,2025-07-30T09:00:00Z
S022,passS022,student,true,2025-07-30T09:00:00Z,2025-07-30T09:00:00Z
S023,passS023,student,true,2025-07-30T09:00:00Z,2025-07-30T09:00:00Z
S024,passS024,student,true,2025-07-30T09:00:00Z,2025-07-30T09:00:00Z
S025,passS025,student,true,2025-07-30T09:00:00Z,2025-07-30T09:00:00Z
S026,passS026,student,true,2025-07-30T09:00:00Z,2025-07-30T09:00:00Z
S027,passS027,student,true,2025-07-30T09:00:00Z,2025-07-30T09:00:00Z
S028,passS028,student,true,2025-07-30T09:00:00Z,2025-07-30T09:00:00Z
S029,passS029,student,true,2025-07-30T09:00:00Z,2025-07-30T09:00:00Z
S030,passS030,student,true,2025-07-30T09:00:00Z,2025-07-30T09:00:00Z
S031,passS031,student,true,2025-07-30T09:00:00Z,2025-07-30T09:00:00Z
S032,passS032,student,true,2025-07-30T09:00:00Z,2025-07-30T09:00:00Z
S033,passS033,student,true,2025-07-30T09:00:00Z,2025-07-30T09:00:00Z
S034,passS034,student,true,2025-07-30T09:00:00Z,2025-07-30T09:00:00Z
S035,passS035,student,true,2025-07-30T09:00:00Z,2025-07-30T09:00:00Z
S036,passS036,student,true,2025-07-30T09:00:00Z,2025-07-30T09:00:00Z
S037,passS037,student,true,2025-07-30T09:00:00Z,2025-07-30T09:00:00Z
S038,passS038,student,true,2025-07-30T09:00:00Z,2025-07-30T09:00:00Z
S039,passS039,student,true,2025-07-30T09:00:00Z,2025-07-30T09:00:00Z
S040,passS040,student,true,2025-07-30T09:00:00Z,2025-07-30T09:00:00Z
S041,passS041,student,true,2025-07-30T09:00:00Z,2025-07-30T09:00:00Z
S042,passS042,student,true,2025-07-30T09:00:00Z,2025-07-30T09:00:00Z
S043,passS043,student,true,2025-07-30T09:00:00Z,2025-07-30T09:00:00Z
S044,passS044,student,true,2025-07-30T09:00:00Z,2025-07-30T09:00:00Z
S045,passS045,student,true,2025-07-30T09:00:00Z,2025-07-30T09:00:00Z
S046,passS046,student,true,2025-07-30T09:00:00Z,2025-07-30T09:00:00Z
S047,passS047,student,true,2025-07-30T09:00:00Z,2025-07-30T09:00:00Z
S048,passS048,student,true,2025-07-30T09:00:00Z,2025-07-30T09:00:00Z
S049,passS049,student,true,2025-07-30T09:00:00Z,2025-07-30T09:00:00Z
S050,passS050,student,true,2025-07-30T09:00:00Z,2025-07-30T09:00:00Z
S051,passS051,student,true,2025-07-30T09:00:00Z,2025-07-30T09:00:00Z
S052,passS052,student,true,2025-07-30T09:00:00Z,2025-07-30T09:00:00Z
S053,passS053,student,true,2025-07-30T09:00:00Z,2025-07-30T09:00:00Z
S054,passS054,student,true,2025-07-30T09:00:00Z,2025-07-30T09:00:00Z
S055,passS055,student,true,2025-07-30T09:00:00Z,2025-07-30T09:00:00Z
S056,passS056,student,true,2025-07-30T09:00:00Z,2025-07-30T09:00:00Z
S057,passS057,student,true,2025-07-30T09:00:00Z,2025-07-30T09:00:00Z
S058,passS058,student,true,2025-07-30T09:00:00Z,2025-07-30T09:00:00Z
S059,passS059,student,true,2025-07-30T09:00:00Z,2025-07-30T09:00:00Z
S060,passS060,student,true,2025-07-30T09:00:00Z,2025-07-30T09:00:00Z
S061,passS061,student,true,2025-07-30T09:00:00Z,2025-07-30T09:00:00Z
S062,passS062,student,true,2025-07-30T09:00:00Z,2025-07-30T09:00:00Z
S063,passS063,student,true,2025-07-30T09:00:00Z,2025-07-30T09:00:00Z
S064,passS064,student,true,2025-07-30T09:00:00Z,2025-07-30T09:00:00Z
S065,passS065,student,true,2025-07-30T09:00:00Z,2025-07-30T09:00:00Z
S066,passS066,student,true,2025-07-30T09:00:00Z,2025-07-30T09:00:00Z
S067,passS067,student,true,2025-07-30T09:00:00Z,2025-07-30T09:00:00Z
S068,passS068,student,true,2025-07-30T09:00:00Z,2025-07-30T09:00:00Z
S069,passS069,student,true,2025-07-30T09:00:00Z,2025-07-30T09:00:00Z
S070,passS070,student,true,2025-07-30T09:00:00Z,2025-07-30T09:00:00Z
S071,passS071,student,true,2025-07-30T09:00:00Z,2025-07-30T09:00:00Z
S072,passS072,student,true,2025-07-30T09:00:00Z,2025-07-30T09:00:00Z
S073,passS073,student,true,2025-07-30T09:00:00Z,2025-07-30T09:00:00Z
S074,passS074,student,true,2025-07-30T09:00:00Z,2025-07-30T09:00:00Z
S075,passS075,student,true,2025-07-30T09:00:00Z,2025-07-30T09:00:00Z
S076,passS076,student,true,2025-07-30T09:00:00Z,2025-07-30T09:00:00Z
S077,passS077,student,true,2025-07-30T09:00:00Z,2025-07-30T09:00:00Z
S078,passS078,student,true,2025-07-30T09:00:00Z,2025-07-30T09:00:00Z
S079,passS079,student,true,2025-07-30T09:00:00Z,2025-07-30T09:00:00Z
S080,passS080,student,true,2025-07-30T09:00:00Z,2025-07-30T09:00:00Z
S081,passS081,student,true,2025-07-30T09:00:00Z,2025-07-30T09:00:00Z
S082,passS082,student,true,2025-07-30T09:00:00Z,2025-07-30T09:00:00Z
S083,passS083,student,true,2025-07-30T09:00:00Z,2025-07-30T09:00:00Z
S084,passS084,student,true,2025-07-30T09:00:00Z,2025-07-30T09:00:00Z
S085,passS085,student,true,2025-07-30T09:00:00Z,2025-07-30T09:00:00Z
S086,passS086,student,true,2025-07-30T09:00:00Z,2025-07-30T09:00:00Z
S087,passS087,student,true,2025-07-30T09:00:00Z,2025-07-30T09:00:00Z
S088,passS088,student,true,2025-07-30T09:00:00Z,2025-07-30T09:00:00Z
S089,passS089,student,true,2025-07-30T09:00:00Z,2025-07-30T09:00:00Z
S090,passS090,student,true,2025-07-30T09:00:00Z,2025-07-30T09:00:00Z
S091,passS091,student,true,2025-07-30T09:00:00Z,2025-07-30T09:00:00Z
S092,passS092,student,true,2025-07-30T09:00:00Z,2025-07-30T09:00:00Z
S093,passS093,student,true,2025-07-30T09:00:00Z,2025-07-30T09:00:00Z
S094,passS094,student,true,2025-07-30T09:00:00Z,2025-07-30T09:00:00Z
S095,passS095,student,true,2025-07-30T09:00:00Z,2025-07-30T09:00:00Z
S096,passS096,student,true,2025-07-30T09:00:00Z,2025-07-30T09:00:00Z
S097,passS097,student,true,2025-07-30T09:00:00Z,2025-07-30T09:00:00Z
S098,passS098,student,true,2025-07-30T09:00:00Z,2025-07-30T09:00:00Z
S099,passS099,student,true,2025-07-30T09:00:00Z,2025-07-30T09:00:00Z
S100,passS100,student,true,2025-07-30T09:00:00Z,2025-07-30T09:00:00Z
S101,passS101,student,true,2025-07-30T09:00:00Z,2025-07-30T09:00:00Z
S102,passS102,student,true,2025-07-30T09:00:00Z,2025-07-30T09:00:00Z
S103,passS103,student,true,2025-07-30T09:00:00Z,2025-07-30T09:00:00Z
S104,passS104,student,true,2025-07-30T09:00:00Z,2025-07-30T09:00:00Z
S105,passS105,student,true,2025-07-30T09:00:00Z,2025-07-30T09:00:00Z
S106,passS106,student,true,2025-07-30T09:00:00Z,2025-07-30T09:00:00Z
S107,passS107,student,true,2025-07-30T09:00:00Z,2025-07-30T09:00:00Z
S108,passS108,student,true,2025-07-30T09:00:00Z,2025-07-30T09:00:00Z
S109,passS109,student,true,2025-07-30T09:00:00Z,2025-07-30T09:00:00Z
S110,passS110,student,true,2025-07-30T09:00:00Z,2025-07-30T09:00:00Z
S111,passS111,student,true,2025-07-30T09:00:00Z,2025-07-30T09:00:00Z
S112,passS112,student,true,2025-07-30T09:00:00Z,2025-07-30T09:00:00Z
S113,passS113,student,true,2025-07-30T09:00:00Z,2025-07-30T09:00:00Z
S114,passS114,student,true,2025-07-30T09:00:00Z,2025-07-30T09:00:00Z
S115,passS115,student,true,2025-07-30T09:00:00Z,2025-07-30T09:00:00Z
S116,passS116,student,true,2025-07-30T09:00:00Z,2025-07-30T09:00:00Z
S117,passS117,student,true,2025-07-30T09:00:00Z,2025-07-30T09:00:00Z
S118,passS118,student,true,2025-07-30T09:00:00Z,2025-07-30T09:00:00Z
S119,passS119,student,true,2025-07-30T09:00:00Z,2025-07-30T09:00:00Z
S120,passS120,student,true,2025-07-30T09:00:00Z,2025-07-30T09:00:00Z
T001,passT001,staff,true,2025-07-30T09:00:00Z,2025-07-30T09:00:00Z
T002,passT002,staff,true,2025-07-30T09:00:00Z,2025-07-30T09:00:00Z
T003,passT003,staff,true,2025-07-30T09:00:00Z,2025-07-30T09:00:00Z
T004,passT004,staff,true,2025-07-30T09:00:00Z,2025-07-30T09:00:00Z
T005,passT005,staff,true,2025-07-30T09:00:00Z,2025-07-30T09:00:00Z
T006,passT006,staff,true,2025-07-30T09:00:00Z,2025-07-30T09:00:00Z
T007,passT007,staff,true,2025-07-30T09:00:00Z,2025-07-30T09:00:00Z
T008,passT008,staff,true,2025-07-30T09:00:00Z,2025-07-30T09:00:00Z
T009,passT009,staff,true,2025-07-30T09:00:00Z,2025-07-30T09:00:00Z
T010,passT010,staff,true,2025-07-30T09:00:00Z,2025-07-30T09:00:00Z
T011,passT011,staff,true,2025-07-30T09:00:00Z,2025-07-30T09:00:00Z
T012,passT012,staff,true,2025-07-30T09:00:00Z,2025-07-30T09:00:00Z
T013,passT013,staff,true,2025-07-30T09:00:00Z,2025-07-30T09:00:00Z
T014,passT014,staff,true,2025-07-30T09:00:00Z,2025-07-30T09:00:00Z
T015,passT015,staff,true,2025-07-30T09:00:00Z,2025-07-30T09:00:00Z
T016,passT016,staff,true,2025-07-30T09:00:00Z,2025-07-30T09:00:00Z
T017,passT017,staff,true,2025-07-30T09:00:00Z,2025-07-30T09:00:00Z
T018,passT018,staff,true,2025-07-30T09:00:00Z,2025-07-30T09:00:00Z
T019,passT019,staff,true,2025-07-30T09:00:00Z,2025-07-30T09:00:00Z
T020,passT020,staff,true,2025-07-30T09:00:00Z,2025-07-30T09:00:00Z
T021,passT021,staff,true,2025-07-30T09:00:00Z,2025-07-30T09:00:00Z
T022,passT022,staff,true,2025-07-30T09:00:00Z,2025-07-30T09:00:00Z
T023,passT023,staff,true,2025-07-30T09:00:00Z,2025-07-30T09:00:00Z
T024,passT024,staff,true,2025-07-30T09:00:00Z,2025-07-30T09:00:00Z
T025,passT025,staff,true,2025-07-30T09:00:00Z,2025-07-30T09:00:00Z
T026,passT026,staff,true,2025-07-30T09:00:00Z,2025-07-30T09:00:00Z
T027,passT027,staff,true,2025-07-30T09:00:00Z,2025-07-30T09:00:00Z
T028,passT028,staff,true,2025-07-30T09:00:00Z,2025-07-30T09:00:00Z
T029,passT029,staff,true,2025-07-30T09:00:00Z,2025-07-30T09:00:00Z
T030,passT030,staff,true,2025-07-30T09:00:00Z,2025-07-30T09:00:00Z
T031,passT031,staff,true,2025-07-30T09:00:00Z,2025-07-30T09:00:00Z
T032,passT032,staff,true,2025-07-30T09:00:00Z,2025-07-30T09:00:00Z
T033,passT033,staff,true,2025-07-30T09:00:00Z,2025-07-30T09:00:00Z
T034,passT034,staff,true,2025-07-30T09:00:00Z,2025-07-30T09:00:00Z
T035,passT035,staff,true,2025-07-30T09:00:00Z,2025-07-30T09:00:00Z
T036,passT036,staff,true,2025-07-30T09:00:00Z,2025-07-30T09:00:00Z
T037,passT037,staff,true,2025-07-30T09:00:00Z,2025-07-30T09:00:00Z
T038,passT038,staff,true,2025-07-30T09:00:00Z,2025-07-30T09:00:00Z
T039,passT039,staff,true,2025-07-30T09:00:00Z,2025-07-30T09:00:00Z
T040,passT040,staff,true,2025-07-30T09:00:00Z,2025-07-30T09:00:00Z
T041,passT041,staff,true,2025-07-30T09:00:00Z,2025-07-30T09:00:00Z
T042,passT042,staff,true,2025-07-30T09:00:00Z,2025-07-30T09:00:00Z
T043,passT043,staff,true,2025-07-30T09:00:00Z,2025-07-30T09:00:00Z
T044,passT044,staff,true,2025-07-30T09:00:00Z,2025-07-30T09:00:00Z
T045,passT045,staff,true,2025-07-30T09:00:00Z,2025-07-30T09:00:00Z
T046,passT046,staff,true,2025-07-30T09:00:00Z,2025-07-30T09:00:00Z
T047,passT047,staff,true,2025-07-30T09:00:00Z,2025-07-30T09:00:00Z
T048,passT048,staff,true,2025-07-30T09:00:00Z,2025-07-30T09:00:00Z
T049,passT049,staff,true,2025-07-30T09:00:00Z,2025-07-30T09:00:00Z
T050,passT050,staff,true,2025-07-30T09:00:00Z,2025-07-30T09:00:00Z
T051,passT051,staff,true,2025-07-30T09:00:00Z,2025-07-30T09:00:00Z
T052,passT052,staff,true,2025-07-30T09:00:00Z,2025-07-30T09:00:00Z
T053,passT053,staff,true,2025-07-30T09:00:00Z,2025-07-30T09:00:00Z
T054,passT054,staff,true,2025-07-30T09:00:00Z,2025-07-30T09:00:00Z
T055,passT055,staff,true,2025-07-30T09:00:00Z,2025-07-30T09:00:00Z
T056,passT056,staff,true,2025-07-30T09:00:00Z,2025-07-30T09:00:00Z
T057,passT057,staff,true,2025-07-30T09:00:00Z,2025-07-30T09:00:00Z
T058,passT058,staff,true,2025-07-30T09:00:00Z,2025-07-30T09:00:00Z
T059,passT059,staff,true,2025-07-30T09:00:00Z,2025-07-30T09:00:00Z
T060,passT060,staff,true,2025-07-30T09:00:00Z,2025-07-30T09:00:00Z
P001,passP001,parent,true,2025-07-30T09:00:00Z,2025-07-30T09:00:00Z
P002,passP002,parent,true,2025-07-30T09:00:00Z,2025-07-30T09:00:00Z
P003,passP003,parent,true,2025-07-30T09:00:00Z,2025-07-30T09:00:00Z
P004,passP004,parent,true,2025-07-30T09:00:00Z,2025-07-30T09:00:00Z
P005,passP005,parent,true,2025-07-30T09:00:00Z,2025-07-30T09:00:00Z
P006,passP006,parent,true,2025-07-30T09:00:00Z,2025-07-30T09:00:00Z
P007,passP007,parent,true,2025-07-30T09:00:00Z,2025-07-30T09:00:00Z
P008,passP008,parent,true,2025-07-30T09:00:00Z,2025-07-30T09:00:00Z
P009,passP009,parent,true,2025-07-30T09:00:00Z,2025-07-30T09:00:00Z
P010,passP010,parent,true,2025-07-30T09:00:00Z,2025-07-30T09:00:00Z
P011,passP011,parent,true,2025-07-30T09:00:00Z,2025-07-30T09:00:00Z
P012,passP012,parent,true,2025-07-30T09:00:00Z,2025-07-30T09:00:00Z
P013,passP013,parent,true,2025-07-30T09:00:00Z,2025-07-30T09:00:00Z
P014,passP014,parent,true,2025-07-30T09:00:00Z,2025-07-30T09:00:00Z
P015,passP015,parent,true,2025-07-30T09:00:00Z,2025-07-30T09:00:00Z
P016,passP016,parent,true,2025-07-30T09:00:00Z,2025-07-30T09:00:00Z
P017,passP017,parent,true,2025-07-30T09:00:00Z,2025-07-30T09:00:00Z
P018,passP018,parent,true,2025-07-30T09:00:00Z,2025-07-30T09:00:00Z
P019,passP019,parent,true,2025-07-30T09:00:00Z,2025-07-30T09:00:00Z
P020,passP020,parent,true,2025-07-30T09:00:00Z,2025-07-30T09:00:00Z
P021,passP021,parent,true,2025-07-30T09:00:00Z,2025-07-30T09:00:00Z
P022,passP022,parent,true,2025-07-30T09:00:00Z,2025-07-30T09:00:00Z
P023,passP023,parent,true,2025-07-30T09:00:00Z,2025-07-30T09:00:00Z
P024,passP024,parent,true,2025-07-30T09:00:00Z,2025-07-30T09:00:00Z
P025,passP025,parent,true,2025-07-30T09:00:00Z,2025-07-30T09:00:00Z
P026,passP026,parent,true,2025-07-30T09:00:00Z,2025-07-30T09:00:00Z
P027,passP027,parent,true,2025-07-30T09:00:00Z,2025-07-30T09:00:00Z
P028,passP028,parent,true,2025-07-30T09:00:00Z,2025-07-30T09:00:00Z
P029,passP029,parent,true,2025-07-30T09:00:00Z,2025-07-30T09:00:00Z
P030,passP030,parent,true,2025-07-30T09:00:00Z,2025-07-30T09:00:00Z
P031,passP031,parent,true,2025-07-30T09:00:00Z,2025-07-30T09:00:00Z
P032,passP032,parent,true,2025-07-30T09:00:00Z,2025-07-30T09:00:00Z
P033,passP033,parent,true,2025-07-30T09:00:00Z,2025-07-30T09:00:00Z
P034,passP034,parent,true,2025-07-30T09:00:00Z,2025-07-30T09:00:00Z
P035,passP035,parent,true,2025-07-30T09:00:00Z,2025-07-30T09:00:00Z
P036,passP036,parent,true,2025-07-30T09:00:00Z,2025-07-30T09:00:00Z
P037,passP037,parent,true,2025-07-30T09:00:00Z,2025-07-30T09:00:00Z
P038,passP038,parent,true,2025-07-30T09:00:00Z,2025-07-30T09:00:00Z
P039,passP039,parent,true,2025-07-30T09:00:00Z,2025-07-30T09:00:00Z
P040,passP040,parent,true,2025-07-30T09:00:00Z,2025-07-30T09:00:00Z
P041,passP041,parent,true,2025-07-30T09:00:00Z,2025-07-30T09:00:00Z
P042,passP042,parent,true,2025-07-30T09:00:00Z,2025-07-30T09:00:00Z
P043,passP043,parent,true,2025-07-30T09:00:00Z,2025-07-30T09:00:00Z
P044,passP044,parent,true,2025-07-30T09:00:00Z,2025-07-30T09:00:00Z
P045,passP045,parent,true,2025-07-30T09:00:00Z,2025-07-30T09:00:00Z
P046,passP046,parent,true,2025-07-30T09:00:00Z,2025-07-30T09:00:00Z
P047,passP047,parent,true,2025-07-30T09:00:00Z,2025-07-30T09:00:00Z
P048,passP048,parent,true,2025-07-30T09:00:00Z,2025-07-30T09:00:00Z
P049,passP049,parent,true,2025-07-30T09:00:00Z,2025-07-30T09:00:00Z
P050,passP050,parent,true,2025-07-30T09:00:00Z,2025-07-30T09:00:00Z
P051,passP051,parent,true,2025-07-30T09:00:00Z,2025-07-30T09:00:00Z
P052,passP052,parent,true,2025-07-30T09:00:00Z,2025-07-30T09:00:00Z
P053,passP053,parent,true,2025-07-30T09:00:00Z,2025-07-30T09:00:00Z
P054,passP054,parent,true,2025-07-30T09:00:00Z,2025-07-30T09:00:00Z
P055,passP055,parent,true,2025-07-30T09:00:00Z,2025-07-30T09:00:00Z
P056,passP056,parent,true,2025-07-30T09:00:00Z,2025-07-30T09:00:00Z
P057,passP057,parent,true,2025-07-30T09:00:00Z,2025-07-30T09:00:00Z
P058,passP058,parent,true,2025-07-30T09:00:00Z,2025-07-30T09:00:00Z
P059,passP059,parent,true,2025-07-30T09:00:00Z,2025-07-30T09:00:00Z
P060,passP060,parent,true,2025-07-30T09:00:00Z,2025-07-30T09:00:00Z
P061,passP061,parent,true,2025-07-30T09:00:00Z,2025-07-30T09:00:00Z
P062,passP062,parent,true,2025-07-30T09:00:00Z,2025-07-30T09:00:00Z
P063,passP063,parent,true,2025-07-30T09:00:00Z,2025-07-30T09:00:00Z
P064,passP064,parent,true,2025-07-30T09:00:00Z,2025-07-30T09:00:00Z
P065,passP065,parent,true,2025-07-30T09:00:00Z,2025-07-30T09:00:00Z
P066,passP066,parent,true,2025-07-30T09:00:00Z,2025-07-30T09:00:00Z
P067,passP067,parent,true,2025-07-30T09:00:00Z,2025-07-30T09:00:00Z
P068,passP068,parent,true,2025-07-30T09:00:00Z,2025-07-30T09:00:00Z
P069,passP069,parent,true,2025-07-30T09:00:00Z,2025-07-30T09:00:00Z
P070,passP070,parent,true,2025-07-30T09:00:00Z,2025-07-30T09:00:00Z
P071,passP071,parent,true,2025-07-30T09:00:00Z,2025-07-30T09:00:00Z
P072,passP072,parent,true,2025-07-30T09:00:00Z,2025-07-30T09:00:00Z
P073,passP073,parent,true,2025-07-30T09:00:00Z,2025-07-30T09:00:00Z
P074,passP074,parent,true,2025-07-30T09:00:00Z,2025-07-30T09:00:00Z
P075,passP075,parent,true,2025-07-30T09:00:00Z,2025-07-30T09:00:00Z
P076,passP076,parent,true,2025-07-30T09:00:00Z,2025-07-30T09:00:00Z
P077,passP077,parent,true,2025-07-30T09:00:00Z,2025-07-30T09:00:00Z
P078,passP078,parent,true,2025-07-30T09:00:00Z,2025-07-30T09:00:00Z
P079,passP079,parent,true,2025-07-30T09:00:00Z,2025-07-30T09:00:00Z
P080,passP080,parent,true,2025-07-30T09:00:00Z,2025-07-30T09:00:00Z
P081,passP081,parent,true,2025-07-30T09:00:00Z,2025-07-30T09:00:00Z
P082,passP082,parent,true,2025-07-30T09:00:00Z,2025-07-30T09:00:00Z
P083,passP083,parent,true,2025-07-30T09:00:00Z,2025-07-30T09:00:00Z
P084,passP084,parent,true,2025-07-30T09:00:00Z,2025-07-30T09:00:00Z
P085,passP085,parent,true,2025-07-30T09:00:00Z,2025-07-30T09:00:00Z
P086,passP086,parent,true,2025-07-30T09:00:00Z,2025-07-30T09:00:00Z
P087,passP087,parent,true,2025-07-30T09:00:00Z,2025-07-30T09:00:00Z
P088,passP088,parent,true,2025-07-30T09:00:00Z,2025-07-30T09:00:00Z
P089,passP089,parent,true,2025-07-30T09:00:00Z,2025-07-30T09:00:00Z
P090,passP090,parent,true,2025-07-30T09:00:00Z,2025-07-30T09:00:00Z
P091,passP091,parent,true,2025-07-30T09:00:00Z,2025-07-30T09:00:00Z
P092,passP092,parent,true,2025-07-30T09:00:00Z,2025-07-30T09:00:00Z
P093,passP093,parent,true,2025-07-30T09:00:00Z,2025-07-30T09:00:00Z
P094,passP094,parent,true,2025-07-30T09:00:00Z,2025-07-30T09:00:00Z
P095,passP095,parent,true,2025-07-30T09:00:00Z,2025-07-30T09:00:00Z
P096,passP096,parent,true,2025-07-30T09:00:00Z,2025-07-30T09:00:00Z
P097,passP097,parent,true,2025-07-30T09:00:00Z,2025-07-30T09:00:00Z
P098,passP098,parent,true,2025-07-30T09:00:00Z,2025-07-30T09:00:00Z
P099,passP099,parent,true,2025-07-30T09:00:00Z,2025-07-30T09:00:00Z
P100,passP100,parent,true,2025-07-30T09:00:00Z,2025-07-30T09:00:00Z
P101,passP101,parent,true,2025-07-30T09:00:00Z,2025-07-30T09:00:00Z
P102,passP102,parent,true,2025-07-30T09:00:00Z,2025-07-30T09:00:00Z
P103,passP103,parent,true,2025-07-30T09:00:00Z,2025-07-30T09:00:00Z
P104,passP104,parent,true,2025-07-30T09:00:00Z,2025-07-30T09:00:00Z
P105,passP105,parent,true,2025-07-30T09:00:00Z,2025-07-30T09:00:00Z
P106,passP106,parent,true,2025-07-30T09:00:00Z,2025-07-30T09:00:00Z
P107,passP107,parent,true,2025-07-30T09:00:00Z,2025-07-30T09:00:00Z
P108,passP108,parent,true,2025-07-30T09:00:00Z,2025-07-30T09:00:00Z
P109,passP109,parent,true,2025-07-30T09:00:00Z,2025-07-30T09:00:00Z
P110,passP110,parent,true,2025-07-30T09:00:00Z,2025-07-30T09:00:00Z
P111,passP111,parent,true,2025-07-30T09:00:00Z,2025-07-30T09:00:00Z
P112,passP112,parent,true,2025-07-30T09:00:00Z,2025-07-30T09:00:00Z
P113,passP113,parent,true,2025-07-30T09:00:00Z,2025-07-30T09:00:00Z
P114,passP114,parent,true,2025-07-30T09:00:00Z,2025-07-30T09:00:00Z
P115,passP115,parent,true,2025-07-30T09:00:00Z,2025-07-30T09:00:00Z
P116,passP116,parent,true,2025-07-30T09:00:00Z,2025-07-30T09:00:00Z
P117,passP117,parent,true,2025-07-30T09:00:00Z,2025-07-30T09:00:00Z
P118,passP118,parent,true,2025-07-30T09:00:00Z,2025-07-30T09:00:00Z
P119,passP119,parent,true,2025-07-30T09:00:00Z,2025-07-30T09:00:00Z
P120,passP120,parent,true,2025-07-30T09:00:00Z,2025-07-30T09:00:00Z
P121,passP121,parent,true,2025-07-30T09:00:00Z,2025-07-30T09:00:00Z
P122,passP122,parent,true,2025-07-30T09:00:00Z,2025-07-30T09:00:00Z
P123,passP123,parent,true,2025-07-30T09:00:00Z,2025-07-30T09:00:00Z
P124,passP124,parent,true,2025-07-30T09:00:00Z,2025-07-30T09:00:00Z
P125,passP125,parent,true,2025-07-30T09:00:00Z,2025-07-30T09:00:00Z
P126,passP126,parent,true,2025-07-30T09:00:00Z,2025-07-30T09:00:00Z
P127,passP127,parent,true,2025-07-30T09:00:00Z,2025-07-30T09:00:00Z
P128,passP128,parent,true,2025-07-30T09:00:00Z,2025-07-30T09:00:00Z
P129,passP129,parent,true,2025-07-30T09:00:00Z,2025-07-30T09:00:00Z
P130,passP130,parent,true,2025-07-30T09:00:00Z,2025-07-30T09:00:00Z
P131,passP131,parent,true,2025-07-30T09:00:00Z,2025-07-30T09:00:00Z
P132,passP132,parent,true,2025-07-30T09:00:00Z,2025-07-30T09:00:00Z
P133,passP133,parent,true,2025-07-30T09:00:00Z,2025-07-30T09:00:00Z
P134,passP134,parent,true,2025-07-30T09:00:00Z,2025-07-30T09:00:00Z
P135,passP135,parent,true,2025-07-30T09:00:00Z,2025-07-30T09:00:00Z
P136,passP136,parent,true,2025-07-30T09:00:00Z,2025-07-30T09:00:00Z
P137,passP137,parent,true,2025-07-30T09:00:00Z,2025-07-30T09:00:00Z
P138,passP138,parent,true,2025-07-30T09:00:00Z,2025-07-30T09:00:00Z
P139,passP139,parent,true,2025-07-30T09:00:00Z,2025-07-30T09:00:00Z
P140,passP140,parent,true,2025-07-30T09:00:00Z,2025-07-30T09:00:00Z
P141,passP141,parent,true,2025-07-30T09:00:00Z,2025-07-30T09:00:00Z
P142,passP142,parent,true,2025-07-30T09:00:00Z,2025-07-30T09:00:00Z
P143,passP143,parent,true,2025-07-30T09:00:00Z,2025-07-30T09:00:00Z
P144,passP144,parent,true,2025-07-30T09:00:00Z,2025-07-30T09:00:00Z
P145,passP145,parent,true,2025-07-30T09:00:00Z,2025-07-30T09:00:00Z
P146,passP146,parent,true,2025-07-30T09:00:00Z,2025-07-30T09:00:00Z
P147,passP147,parent,true,2025-07-30T09:00:00Z,2025-07-30T09:00:00Z
P148,passP148,parent,true,2025-07-30T09:00:00Z,2025-07-30T09:00:00Z
P149,passP149,parent,true,2025-07-30T09:00:00Z,2025-07-30T09:00:00Z
P150,passP150,parent,true,2025-07-30T09:00:00Z,2025-07-30T09:00:00Z
P151,passP151,parent,true,2025-07-30T09:00:00Z,2025-07-30T09:00:00Z
P152,passP152,parent,true,2025-07-30T09:00:00Z,2025-07-30T09:00:00Z
P153,passP153,parent,true,2025-07-30T09:00:00Z,2025-07-30T09:00:00Z
P154,passP154,parent,true,2025-07-30T09:00:00Z,2025-07-30T09:00:00Z
P155,passP155,parent,true,2025-07-30T09:00:00Z,2025-07-30T09:00:00Z
P156,passP156,parent,true,2025-07-30T09:00:00Z,2025-07-30T09:00:00Z
P157,passP157,parent,true,2025-07-30T09:00:00Z,2025-07-30T09:00:00Z
P158,passP158,parent,true,2025-07-30T09:00:00Z,2025-07-30T09:00:00Z
P159,passP159,parent,true,2025-07-30T09:00:00Z,2025-07-30T09:00:00Z
P160,passP160,parent,true,2025-07-30T09:00:00Z,2025-07-30T09:00:00Z
P161,passP161,parent,true,2025-07-30T09:00:00Z,2025-07-30T09:00:00Z
P162,passP162,parent,true,2025-07-30T09:00:00Z,2025-07-30T09:00:00Z
P163,passP163,parent,true,2025-07-30T09:00:00Z,2025-07-30T09:00:00Z
P164,passP164,parent,true,2025-07-30T09:00:00Z,2025-07-30T09:00:00Z
P165,passP165,parent,true,2025-07-30T09:00:00Z,2025-07-30T09:00:00Z
P166,passP166,parent,true,2025-07-30T09:00:00Z,2025-07-30T09:00:00Z
P167,passP167,parent,true,2025-07-30T09:00:00Z,2025-07-30T09:00:00Z
P168,passP168,parent,true,2025-07-30T09:00:00Z,2025-07-30T09:00:00Z
P169,passP169,parent,true,2025-07-30T09:00:00Z,2025-07-30T09:00:00Z
P170,passP170,parent,true,2025-07-30T09:00:00Z,2025-07-30T09:00:00Z
P171,passP171,parent,true,2025-07-30T09:00:00Z,2025-07-30T09:00:00Z
P172,passP172,parent,true,2025-07-30T09:00:00Z,2025-07-30T09:00:00Z
P173,passP173,parent,true,2025-07-30T09:00:00Z,2025-07-30T09:00:00Z
P174,passP174,parent,true,2025-07-30T09:00:00Z,2025-07-30T09:00:00Z
P175,passP175,parent,true,2025-07-30T09:00:00Z,2025-07-30T09:00:00Z
P176,passP176,parent,true,2025-07-30T09:00:00Z,2025-07-30T09:00:00Z
P177,passP177,parent,true,2025-07-30T09:00:00Z,2025-07-30T09:00:00Z
P178,passP178,parent,true,2025-07-30T09:00:00Z,2025-07-30T09:00:00Z
P179,passP179,parent,true,2025-07-30T09:00:00Z,2025-07-30T09:00:00Z
P180,passP180,parent,true,2025-07-30T09:00:00Z,2025-07-30T09:00:00Z
P181,passP181,parent,true,2025-07-30T09:00:00Z,2025-07-30T09:00:00Z
P182,passP182,parent,true,2025-07-30T09:00:00Z,2025-07-30T09:00:00Z
P183,passP183,parent,true,2025-07-30T09:00:00Z,2025-07-30T09:00:00Z
P184,passP184,parent,true,2025-07-30T09:00:00Z,2025-07-30T09:00:00Z
P185,passP185,parent,true,2025-07-30T09:00:00Z,2025-07-30T09:00:00Z
P186,passP186,parent,true,2025-07-30T09:00:00Z,2025-07-30T09:00:00Z
P187,passP187,parent,true,2025-07-30T09:00:00Z,2025-07-30T09:00:00Z
P188,passP188,parent,true,2025-07-30T09:00:00Z,2025-07-30T09:00:00Z
P189,passP189,parent,true,2025-07-30T09:00:00Z,2025-07-30T09:00:00Z
P190,passP190,parent,true,2025-07-30T09:00:00Z,2025-07-30T09:00:00Z
P191,passP191,parent,true,2025-07-30T09:00:00Z,2025-07-30T09:00:00Z
P192,passP192,parent,true,2025-07-30T09:00:00Z,2025-07-30T09:00:00Z
P193,passP193,parent,true,2025-07-30T09:00:00Z,2025-07-30T09:00:00Z
P194,passP194,parent,true,2025-07-30T09:00:00Z,2025-07-30T09:00:00Z
P195,passP195,parent,true,2025-07-30T09:00:00Z,2025-07-30T09:00:00Z
P196,passP196,parent,true,2025-07-30T09:00:00Z,2025-07-30T09:00:00Z
P197,passP197,parent,true,2025-07-30T09:00:00Z,2025-07-30T09:00:00Z
P198,passP198,parent,true,2025-07-30T09:00:00Z,2025-07-30T09:00:00Z
P199,passP199,parent,true,2025-07-30T09:00:00Z,2025-07-30T09:00:00Z
P200,passP200,parent,true,2025-07-30T09:00:00Z,2025-07-30T09:00:00Z
P201,passP201,parent,true,2025-07-30T09:00:00Z,2025-07-30T09:00:00Z
P202,passP202,parent,true,2025-07-30T09:00:00Z,2025-07-30T09:00:00Z
P203,passP203,parent,true,2025-07-30T09:00:00Z,2025-07-30T09:00:00Z
P204,passP204,parent,true,2025-07-30T09:00:00Z,2025-07-30T09:00:00Z
P205,passP205,parent,true,2025-07-30T09:00:00Z,2025-07-30T09:00:00Z
P206,passP206,parent,true,2025-07-30T09:00:00Z,2025-07-30T09:00:00Z
P207,passP207,parent,true,2025-07-30T09:00:00Z,2025-07-30T09:00:00Z
P208,passP208,parent,true,2025-07-30T09:00:00Z,2025-07-30T09:00:00Z
P209,passP209,parent,true,2025-07-30T09:00:00Z,2025-07-30T09:00:00Z
P210,passP210,parent,true,2025-07-30T09:00:00Z,2025-07-30T09:00:00Z
P211,passP211,parent,true,2025-07-30T09:00:00Z,2025-07-30T09:00:00Z
P212,passP212,parent,true,2025-07-30T09:00:00Z,2025-07-30T09:00:00Z
P213,passP213,parent,true,2025-07-30T09:00:00Z,2025-07-30T09:00:00Z
P214,passP214,parent,true,2025-07-30T09:00:00Z,2025-07-30T09:00:00Z
P215,passP215,parent,true,2025-07-30T09:00:00Z,2025-07-30T09:00:00Z
P216,passP216,parent,true,2025-07-30T09:00:00Z,2025-07-30T09:00:00Z
P217,passP217,parent,true,2025-07-30T09:00:00Z,2025-07-30T09:00:00Z
P218,passP218,parent,true,2025-07-30T09:00:00Z,2025-07-30T09:00:00Z
P219,passP219,parent,true,2025-07-30T09:00:00Z,2025-07-30T09:00:00Z
P220,passP220,parent,true,2025-07-30T09:00:00Z,2025-07-30T09:00:00Z
P221,passP221,parent,true,2025-07-30T09:00:00Z,2025-07-30T09:00:00Z
P222,passP222,parent,true,2025-07-30T09:00:00Z,2025-07-30T09:00:00Z
P223,passP223,parent,true,2025-07-30T09:00:00Z,2025-07-30T09:00:00Z
P224,passP224,parent,true,2025-07-30T09:00:00Z,2025-07-30T09:00:00Z
P225,passP225,parent,true,2025-07-30T09:00:00Z,2025-07-30T09:00:00Z
P226,passP226,parent,true,2025-07-30T09:00:00Z,2025-07-30T09:00:00Z
P227,passP227,parent,true,2025-07-30T09:00:00Z,2025-07-30T09:00:00Z
P228,passP228,parent,true,2025-07-30T09:00:00Z,2025-07-30T09:00:00Z
P229,passP229,parent,true,2025-07-30T09:00:00Z,2025-07-30T09:00:00Z
P230,passP230,parent,true,2025-07-30T09:00:00Z,2025-07-30T09:00:00Z
P231,passP231,parent,true,2025-07-30T09:00:00Z,2025-07-30T09:00:00Z
P232,passP232,parent,true,2025-07-30T09:00:00Z,2025-07-30T09:00:00Z
P233,passP233,parent,true,2025-07-30T09:00:00Z,2025-07-30T09:00:00Z
P234,passP234,parent,true,2025-07-30T09:00:00Z,2025-07-30T09:00:00Z
P235,passP235,parent,true,2025-07-30T09:00:00Z,2025-07-30T09:00:00Z
P236,passP236,parent,true,2025-07-30T09:00:00Z,2025-07-30T09:00:00Z
P237,passP237,parent,true,2025-07-30T09:00:00Z,2025-07-30T09:00:00Z
P238,passP238,parent,true,2025-07-30T09:00:00Z,2025-07-30T09:00:00Z
P239,passP239,parent,true,2025-07-30T09:00:00Z,2025-07-30T09:00:00Z
P240,passP240,parent,true,2025-07-30T09:00:00Z,2025-07-30T09:00:00Z
